customer_id,customer_name,gender,age,city,state,region
CUST0001,Krishna Sharma,Male,33,Bengaluru,Karnataka,South
CUST0002,Ravi Gupta,Other,45,New Delhi,Delhi,North
CUST0003,Aadhya Rao,Other,56,Lucknow,Uttar Pradesh,North
CUST0004,Ravi Chopra,Female,46,Raipur,Chhattisgarh,Central
CUST0005,Ananya Chopra,Male,35,Mysuru,Karnataka,South
CUST0006,Reyansh Gupta,Female,24,Cuttack,Odisha,East
CUST0007,Aditya Malhotra,Other,25,Nagpur,Maharashtra,West
CUST0008,Navya Menon,Male,54,Hyderabad,Telangana,South
CUST0009,Aditya Rao,Male,23,Mysuru,Karnataka,South
CUST0010,Anika Malhotra,Male,28,Bhubaneswar,Odisha,East
CUST0011,Anika Gupta,Other,58,Hyderabad,Telangana,South
CUST0012,Ananya Malhotra,Female,35,Indore,Madhya Pradesh,Central
CUST0013,Vihaan Rao,Male,38,Ahmedabad,Gujarat,West
CUST0014,Aadhya Pillai,Male,31,Surat,Gujarat,West
CUST0015,Rohan Mehta,Female,33,Bilaspur,Chhattisgarh,Central
CUST0016,Divya Iyer,Male,32,Warangal,Telangana,South
CUST0017,Sai Verma,Male,27,Warangal,Telangana,South
CUST0018,Nikhil Gupta,Female,42,Bilaspur,Chhattisgarh,Central
CUST0019,Sunita Sharma,Male,61,Bilaspur,Chhattisgarh,Central
CUST0020,Krishna Joshi,Female,28,Nagpur,Maharashtra,West
CUST0021,Pari Das,Female,50,Kanpur,Uttar Pradesh,North
CUST0022,Deepak Menon,Female,27,Kolkata,West Bengal,East
CUST0023,Nikhil Agarwal,Female,19,Amritsar,Punjab,North
CUST0024,Myra Verma,Female,54,Rohini,Delhi,North
CUST0025,Aman Gupta,Other,26,Warangal,Telangana,South
CUST0026,Sunita Patel,Male,51,Raipur,Chhattisgarh,Central
CUST0027,Ravi Reddy,Male,43,Cuttack,Odisha,East
CUST0028,Krishna Rao,Female,22,Kolkata,West Bengal,East
CUST0029,Divya Rao,Male,22,New Delhi,Delhi,North
CUST0030,Aditya Agarwal,Male,50,Coimbatore,Tamil Nadu,South
CUST0031,Aadhya Bose,Female,64,Raipur,Chhattisgarh,Central
CUST0032,Karan Chopra,Female,24,Kanpur,Uttar Pradesh,North
CUST0033,Suresh Chopra,Female,47,Noida,Uttar Pradesh,North
CUST0034,Reyansh Verma,Female,64,Kolkata,West Bengal,East
CUST0035,Saanvi Reddy,Other,46,Chennai,Tamil Nadu,South
CUST0036,Anika Malhotra,Female,22,Jaipur,Rajasthan,West
CUST0037,Vihaan Bose,Male,23,Mysuru,Karnataka,South
CUST0038,Aman Kapoor,Female,43,Dwarka,Delhi,North
CUST0039,Aarav Iyer,Male,47,Cuttack,Odisha,East
CUST0040,Rohan Reddy,Male,31,Noida,Uttar Pradesh,North
CUST0041,Ravi Verma,Male,21,Kanpur,Uttar Pradesh,North
CUST0042,Deepak Das,Female,21,Bhopal,Madhya Pradesh,Central
CUST0043,Arjun Menon,Male,61,Chennai,Tamil Nadu,South
CUST0044,Anjali Rao,Other,56,Lucknow,Uttar Pradesh,North
CUST0045,Sanjay Pillai,Other,51,Bhubaneswar,Odisha,East
CUST0046,Rahul Rao,Male,43,Warangal,Telangana,South
CUST0047,Kavya Agarwal,Male,18,Jaipur,Rajasthan,West
CUST0048,Arjun Bose,Female,50,Siliguri,West Bengal,East
CUST0049,Arjun Rao,Male,36,Coimbatore,Tamil Nadu,South
CUST0050,Varun Das,Male,60,Raipur,Chhattisgarh,Central
CUST0051,Ishaan Mehta,Male,24,Indore,Madhya Pradesh,Central
CUST0052,Navya Menon,Female,63,Siliguri,West Bengal,East
CUST0053,Deepak Kapoor,Male,21,Kanpur,Uttar Pradesh,North
CUST0054,Anika Verma,Male,39,Warangal,Telangana,South
CUST0055,Ananya Malhotra,Other,63,Jaipur,Rajasthan,West
CUST0056,Krishna Gupta,Female,52,Ludhiana,Punjab,North
CUST0057,Vikram Singh,Male,37,Siliguri,West Bengal,East
CUST0058,Aadhya Rao,Male,40,Raipur,Chhattisgarh,Central
CUST0059,Myra Patel,Female,44,Rohini,Delhi,North
CUST0060,Amit Chopra,Female,35,Hyderabad,Telangana,South
CUST0061,Neha Verma,Female,32,Coimbatore,Tamil Nadu,South
CUST0062,Riya Rao,Female,19,Coimbatore,Tamil Nadu,South
CUST0063,Anika Gupta,Male,40,Bilaspur,Chhattisgarh,Central
CUST0064,Vivaan Kumar,Male,29,Raipur,Chhattisgarh,Central
CUST0065,Reyansh Menon,Female,40,Bhubaneswar,Odisha,East
CUST0066,Neha Pillai,Female,34,Kanpur,Uttar Pradesh,North
CUST0067,Aarav Das,Other,61,Coimbatore,Tamil Nadu,South
CUST0068,Arjun Agarwal,Other,38,Kanpur,Uttar Pradesh,North
CUST0069,Deepak Joshi,Female,38,Udaipur,Rajasthan,West
CUST0070,Sunita Singh,Female,44,Jaipur,Rajasthan,West
CUST0071,Varun Pillai,Male,43,Indore,Madhya Pradesh,Central
CUST0072,Navya Reddy,Female,55,Bilaspur,Chhattisgarh,Central
CUST0073,Meera Malhotra,Female,50,Jaipur,Rajasthan,West
CUST0074,Sai Joshi,Other,60,Raipur,Chhattisgarh,Central
CUST0075,Myra Joshi,Female,30,Bengaluru,Karnataka,South
CUST0076,Myra Kapoor,Other,22,Ahmedabad,Gujarat,West
CUST0077,Neha Kapoor,Female,33,Hyderabad,Telangana,South
CUST0078,Reyansh Chopra,Female,29,Raipur,Chhattisgarh,Central
CUST0079,Sunita Rao,Male,47,Coimbatore,Tamil Nadu,South
CUST0080,Meera Menon,Other,45,Raipur,Chhattisgarh,Central
CUST0081,Karan Malhotra,Male,33,Gaya,Bihar,East
CUST0082,Myra Mehta,Female,22,Siliguri,West Bengal,East
CUST0083,Amit Agarwal,Other,23,Bengaluru,Karnataka,South
CUST0084,Neha Singh,Female,22,Surat,Gujarat,West
CUST0085,Ravi Malhotra,Female,21,Coimbatore,Tamil Nadu,South
CUST0086,Divya Sharma,Other,42,Pune,Maharashtra,West
CUST0087,Riya Iyer,Female,52,Indore,Madhya Pradesh,Central
CUST0088,Kiara Mehta,Female,49,Amritsar,Punjab,North
CUST0089,Pooja Patel,Female,26,Indore,Madhya Pradesh,Central
CUST0090,Divya Pillai,Male,23,Pune,Maharashtra,West
CUST0091,Diya Verma,Male,42,Siliguri,West Bengal,East
CUST0092,Rahul Agarwal,Female,35,Ahmedabad,Gujarat,West
CUST0093,Karan Sharma,Other,21,Kolkata,West Bengal,East
CUST0094,Aditya Sharma,Female,30,Lucknow,Uttar Pradesh,North
CUST0095,Myra Singh,Female,60,Lucknow,Uttar Pradesh,North
CUST0096,Kavya Mehta,Male,28,Bhopal,Madhya Pradesh,Central
CUST0097,Riya Kumar,Other,19,Gaya,Bihar,East
CUST0098,Pooja Reddy,Male,55,Mysuru,Karnataka,South
CUST0099,Nikhil Kumar,Other,20,Gaya,Bihar,East
CUST0100,Priya Gupta,Other,59,Siliguri,West Bengal,East
CUST0101,Aman Kumar,Female,41,Jaipur,Rajasthan,West
CUST0102,Vikram Patel,Other,59,Gaya,Bihar,East
CUST0103,Kavya Chopra,Other,35,Kolkata,West Bengal,East
CUST0104,Anika Malhotra,Female,47,Bilaspur,Chhattisgarh,Central
CUST0105,Vivaan Kapoor,Male,29,Pune,Maharashtra,West
CUST0106,Pari Agarwal,Male,56,Patna,Bihar,East
CUST0107,Manoj Reddy,Male,33,Ahmedabad,Gujarat,West
CUST0108,Karan Kapoor,Female,19,Ludhiana,Punjab,North
CUST0109,Pooja Rao,Male,60,Bilaspur,Chhattisgarh,Central
CUST0110,Sunita Das,Male,45,Bilaspur,Chhattisgarh,Central
CUST0111,Kavya Mehta,Male,34,Bengaluru,Karnataka,South
CUST0112,Rahul Kumar,Other,62,Bengaluru,Karnataka,South
CUST0113,Karan Mehta,Other,51,Raipur,Chhattisgarh,Central
CUST0114,Saanvi Joshi,Female,41,Chennai,Tamil Nadu,South
CUST0115,Ravi Singh,Male,20,Kanpur,Uttar Pradesh,North
CUST0116,Ishaan Kapoor,Male,18,Bilaspur,Chhattisgarh,Central
CUST0117,Karan Malhotra,Male,29,Amritsar,Punjab,North
CUST0118,Krishna Gupta,Female,49,Noida,Uttar Pradesh,North
CUST0119,Vihaan Singh,Female,54,Kolkata,West Bengal,East
CUST0120,Krishna Bose,Female,56,Indore,Madhya Pradesh,Central
CUST0121,Meera Malhotra,Male,55,Ahmedabad,Gujarat,West
CUST0122,Varun Kumar,Female,58,Chennai,Tamil Nadu,South
CUST0123,Ananya Rao,Female,53,New Delhi,Delhi,North
CUST0124,Sanjay Malhotra,Other,48,Kolkata,West Bengal,East
CUST0125,Navya Joshi,Female,22,Chennai,Tamil Nadu,South
CUST0126,Vikram Kumar,Other,32,Chennai,Tamil Nadu,South
CUST0127,Arjun Verma,Female,37,Bilaspur,Chhattisgarh,Central
CUST0128,Krishna Malhotra,Male,62,Surat,Gujarat,West
CUST0129,Meera Gupta,Other,20,Udaipur,Rajasthan,West
CUST0130,Nikhil Mehta,Male,23,Hyderabad,Telangana,South
CUST0131,Anika Pillai,Male,29,Udaipur,Rajasthan,West
CUST0132,Anika Patel,Other,45,Pune,Maharashtra,West
CUST0133,Suresh Chopra,Male,38,Dwarka,Delhi,North
CUST0134,Sanjay Kapoor,Male,60,Jaipur,Rajasthan,West
CUST0135,Kavya Gupta,Male,34,Siliguri,West Bengal,East
CUST0136,Deepak Sharma,Other,47,Mumbai,Maharashtra,West
CUST0137,Manoj Nair,Other,49,Mumbai,Maharashtra,West
CUST0138,Anika Bose,Female,36,Udaipur,Rajasthan,West
CUST0139,Krishna Sharma,Other,33,Chennai,Tamil Nadu,South
CUST0140,Sunita Chopra,Male,32,Ludhiana,Punjab,North
CUST0141,Rohan Kapoor,Male,50,Cuttack,Odisha,East
CUST0142,Karan Rao,Female,53,Chennai,Tamil Nadu,South
CUST0143,Nikhil Das,Female,22,Cuttack,Odisha,East
CUST0144,Deepak Mehta,Male,36,Gaya,Bihar,East
CUST0145,Rohan Malhotra,Other,48,Cuttack,Odisha,East
CUST0146,Kavya Agarwal,Female,62,Warangal,Telangana,South
CUST0147,Kiara Chopra,Male,38,Udaipur,Rajasthan,West
CUST0148,Neha Singh,Female,20,Warangal,Telangana,South
CUST0149,Reyansh Malhotra,Male,51,Nagpur,Maharashtra,West
CUST0150,Rohan Chopra,Female,22,Surat,Gujarat,West
CUST0151,Varun Iyer,Male,39,Bilaspur,Chhattisgarh,Central
CUST0152,Aman Bose,Male,57,Rohini,Delhi,North
CUST0153,Navya Rao,Male,45,Noida,Uttar Pradesh,North
CUST0154,Reyansh Malhotra,Female,62,Kolkata,West Bengal,East
CUST0155,Rahul Verma,Male,40,Bhubaneswar,Odisha,East
CUST0156,Myra Das,Female,54,Bengaluru,Karnataka,South
CUST0157,Sai Menon,Female,57,Chennai,Tamil Nadu,South
CUST0158,Kiara Malhotra,Male,47,Patna,Bihar,East
CUST0159,Kavya Joshi,Other,28,Amritsar,Punjab,North
CUST0160,Divya Joshi,Female,62,Cuttack,Odisha,East
CUST0161,Saanvi Iyer,Female,24,Coimbatore,Tamil Nadu,South
CUST0162,Anjali Joshi,Male,19,Ahmedabad,Gujarat,West
CUST0163,Anjali Verma,Other,65,Ahmedabad,Gujarat,West
CUST0164,Nikhil Nair,Female,58,Warangal,Telangana,South
CUST0165,Ishaan Kumar,Male,37,Nagpur,Maharashtra,West
CUST0166,Priya Singh,Male,36,Gaya,Bihar,East
CUST0167,Diya Reddy,Female,52,Gaya,Bihar,East
CUST0168,Ananya Mehta,Female,36,Siliguri,West Bengal,East
CUST0169,Arjun Singh,Female,61,Udaipur,Rajasthan,West
CUST0170,Sai Iyer,Male,34,Indore,Madhya Pradesh,Central
CUST0171,Priya Mehta,Other,42,Kolkata,West Bengal,East
CUST0172,Karan Sharma,Other,53,Patna,Bihar,East
CUST0173,Arjun Malhotra,Male,59,Mumbai,Maharashtra,West
CUST0174,Aditya Verma,Male,49,New Delhi,Delhi,North
CUST0175,Ravi Singh,Female,47,Gaya,Bihar,East
CUST0176,Divya Singh,Female,59,Amritsar,Punjab,North
CUST0177,Anika Verma,Male,31,Ahmedabad,Gujarat,West
CUST0178,Priya Kumar,Male,52,Siliguri,West Bengal,East
CUST0179,Anika Reddy,Male,47,Lucknow,Uttar Pradesh,North
CUST0180,Nikhil Sharma,Male,39,Bengaluru,Karnataka,South
CUST0181,Arjun Bose,Female,55,Mysuru,Karnataka,South
CUST0182,Rohan Menon,Male,35,Mysuru,Karnataka,South
CUST0183,Diya Kumar,Male,26,Ludhiana,Punjab,North
CUST0184,Divya Agarwal,Male,29,Kolkata,West Bengal,East
CUST0185,Sanjay Das,Male,65,Amritsar,Punjab,North
CUST0186,Priya Das,Other,24,Jaipur,Rajasthan,West
CUST0187,Varun Verma,Other,37,Jaipur,Rajasthan,West
CUST0188,Vihaan Kapoor,Female,45,Amritsar,Punjab,North
CUST0189,Arjun Gupta,Male,56,Bengaluru,Karnataka,South
CUST0190,Anika Menon,Other,53,Cuttack,Odisha,East
CUST0191,Kavya Das,Other,45,Lucknow,Uttar Pradesh,North
CUST0192,Sunita Reddy,Female,46,Coimbatore,Tamil Nadu,South
CUST0193,Kavya Iyer,Female,64,Amritsar,Punjab,North
CUST0194,Rahul Mehta,Male,27,Mumbai,Maharashtra,West
CUST0195,Sai Gupta,Female,24,Kolkata,West Bengal,East
CUST0196,Divya Bose,Other,39,Amritsar,Punjab,North
CUST0197,Vikram Verma,Male,56,Bhubaneswar,Odisha,East
CUST0198,Anjali Das,Female,27,Mumbai,Maharashtra,West
CUST0199,Suresh Bose,Male,25,Patna,Bihar,East
CUST0200,Vikram Bose,Other,57,Indore,Madhya Pradesh,Central
CUST0201,Vivaan Patel,Male,62,Cuttack,Odisha,East
CUST0202,Aarav Patel,Female,54,Mumbai,Maharashtra,West
CUST0203,Vivaan Gupta,Other,31,Surat,Gujarat,West
CUST0204,Amit Patel,Male,37,Patna,Bihar,East
CUST0205,Vihaan Singh,Female,57,Lucknow,Uttar Pradesh,North
CUST0206,Anika Malhotra,Female,49,Bilaspur,Chhattisgarh,Central
CUST0207,Anika Reddy,Other,25,Bhubaneswar,Odisha,East
CUST0208,Navya Pillai,Female,51,Kolkata,West Bengal,East
CUST0209,Pooja Menon,Male,18,Chennai,Tamil Nadu,South
CUST0210,Ishaan Mehta,Male,38,Dwarka,Delhi,North
CUST0211,Vikram Patel,Female,42,Indore,Madhya Pradesh,Central
CUST0212,Arjun Iyer,Male,45,Ludhiana,Punjab,North
CUST0213,Rahul Pillai,Female,54,Udaipur,Rajasthan,West
CUST0214,Navya Kumar,Female,19,Siliguri,West Bengal,East
CUST0215,Priya Gupta,Female,24,Coimbatore,Tamil Nadu,South
CUST0216,Manoj Gupta,Female,37,Siliguri,West Bengal,East
CUST0217,Ananya Gupta,Other,58,Noida,Uttar Pradesh,North
CUST0218,Saanvi Nair,Male,64,Bengaluru,Karnataka,South
CUST0219,Rohan Mehta,Female,29,Bhopal,Madhya Pradesh,Central
CUST0220,Diya Kapoor,Female,54,Bilaspur,Chhattisgarh,Central
CUST0221,Rahul Singh,Female,22,Surat,Gujarat,West
CUST0222,Anika Pillai,Male,40,Indore,Madhya Pradesh,Central
CUST0223,Kavya Malhotra,Male,21,Bhubaneswar,Odisha,East
CUST0224,Sai Menon,Other,50,Ahmedabad,Gujarat,West
CUST0225,Meera Pillai,Female,38,Raipur,Chhattisgarh,Central
CUST0226,Vihaan Malhotra,Male,39,Noida,Uttar Pradesh,North
CUST0227,Diya Verma,Female,63,Ahmedabad,Gujarat,West
CUST0228,Priya Nair,Male,42,Ahmedabad,Gujarat,West
CUST0229,Amit Gupta,Male,24,Bilaspur,Chhattisgarh,Central
CUST0230,Pari Menon,Female,39,Noida,Uttar Pradesh,North
CUST0231,Rohan Nair,Male,59,Nagpur,Maharashtra,West
CUST0232,Sai Joshi,Other,42,Kolkata,West Bengal,East
CUST0233,Vikram Das,Male,19,Bhubaneswar,Odisha,East
CUST0234,Aadhya Agarwal,Female,30,Bengaluru,Karnataka,South
CUST0235,Arjun Joshi,Male,50,Indore,Madhya Pradesh,Central
CUST0236,Varun Singh,Other,42,Bengaluru,Karnataka,South
CUST0237,Varun Patel,Female,20,Ahmedabad,Gujarat,West
CUST0238,Meera Menon,Male,65,Nagpur,Maharashtra,West
CUST0239,Myra Joshi,Female,30,Gaya,Bihar,East
CUST0240,Kavya Joshi,Female,50,Raipur,Chhattisgarh,Central
CUST0241,Saanvi Menon,Female,34,Kanpur,Uttar Pradesh,North
CUST0242,Priya Bose,Male,63,Indore,Madhya Pradesh,Central
CUST0243,Sai Patel,Male,46,Indore,Madhya Pradesh,Central
CUST0244,Sai Rao,Female,40,Ludhiana,Punjab,North
CUST0245,Pooja Das,Male,33,Pune,Maharashtra,West
CUST0246,Kiara Sharma,Male,24,Kolkata,West Bengal,East
CUST0247,Aditya Joshi,Female,62,Warangal,Telangana,South
CUST0248,Meera Menon,Male,23,Ludhiana,Punjab,North
CUST0249,Rohan Bose,Other,51,Pune,Maharashtra,West
CUST0250,Myra Joshi,Male,21,Coimbatore,Tamil Nadu,South
CUST0251,Arjun Kumar,Female,56,Bhopal,Madhya Pradesh,Central
CUST0252,Rohan Joshi,Female,18,Raipur,Chhattisgarh,Central
CUST0253,Anjali Chopra,Female,60,Kanpur,Uttar Pradesh,North
CUST0254,Arjun Das,Other,50,Indore,Madhya Pradesh,Central
CUST0255,Karan Verma,Female,41,Patna,Bihar,East
CUST0256,Suresh Gupta,Male,33,Noida,Uttar Pradesh,North
CUST0257,Amit Singh,Male,40,Raipur,Chhattisgarh,Central
CUST0258,Kavya Kapoor,Female,26,Kanpur,Uttar Pradesh,North
CUST0259,Aditya Joshi,Female,20,Mysuru,Karnataka,South
CUST0260,Riya Das,Female,52,Ahmedabad,Gujarat,West
CUST0261,Saanvi Joshi,Male,21,Bhubaneswar,Odisha,East
CUST0262,Priya Chopra,Female,65,Surat,Gujarat,West
CUST0263,Diya Kapoor,Female,41,Raipur,Chhattisgarh,Central
CUST0264,Vikram Gupta,Female,56,Warangal,Telangana,South
CUST0265,Rahul Kumar,Male,38,Cuttack,Odisha,East
CUST0266,Nikhil Chopra,Female,62,Surat,Gujarat,West
CUST0267,Aditya Nair,Other,45,Patna,Bihar,East
CUST0268,Arjun Iyer,Male,50,Bengaluru,Karnataka,South
CUST0269,Nikhil Malhotra,Male,26,Rohini,Delhi,North
CUST0270,Priya Nair,Female,54,Lucknow,Uttar Pradesh,North
CUST0271,Meera Nair,Male,46,Lucknow,Uttar Pradesh,North
CUST0272,Manoj Nair,Female,38,Kolkata,West Bengal,East
CUST0273,Vivaan Patel,Female,51,Jaipur,Rajasthan,West
CUST0274,Pari Mehta,Female,31,Bilaspur,Chhattisgarh,Central
CUST0275,Saanvi Kumar,Female,22,Nagpur,Maharashtra,West
CUST0276,Meera Gupta,Male,60,Patna,Bihar,East
CUST0277,Sunita Bose,Male,37,Hyderabad,Telangana,South
CUST0278,Priya Das,Female,25,Bengaluru,Karnataka,South
CUST0279,Aman Sharma,Male,53,Bilaspur,Chhattisgarh,Central
CUST0280,Sunita Singh,Other,23,Amritsar,Punjab,North
CUST0281,Karan Das,Female,44,Bhopal,Madhya Pradesh,Central
CUST0282,Rahul Gupta,Female,47,Raipur,Chhattisgarh,Central
CUST0283,Sunita Pillai,Female,26,Jaipur,Rajasthan,West
CUST0284,Krishna Das,Female,37,Mysuru,Karnataka,South
CUST0285,Kiara Nair,Other,36,Ludhiana,Punjab,North
CUST0286,Sunita Mehta,Female,58,Patna,Bihar,East
CUST0287,Deepak Patel,Other,55,Mysuru,Karnataka,South
CUST0288,Anjali Verma,Male,23,Noida,Uttar Pradesh,North
CUST0289,Pari Reddy,Other,44,Indore,Madhya Pradesh,Central
CUST0290,Ravi Joshi,Male,48,Warangal,Telangana,South
CUST0291,Riya Malhotra,Male,62,Dwarka,Delhi,North
CUST0292,Sanjay Kapoor,Female,31,Patna,Bihar,East
CUST0293,Rahul Agarwal,Male,43,Chennai,Tamil Nadu,South
CUST0294,Rahul Rao,Female,25,Bhubaneswar,Odisha,East
CUST0295,Rohan Kumar,Male,36,Udaipur,Rajasthan,West
CUST0296,Myra Patel,Male,54,Kolkata,West Bengal,East
CUST0297,Aman Das,Female,49,Bhubaneswar,Odisha,East
CUST0298,Sai Iyer,Other,47,Mysuru,Karnataka,South
CUST0299,Vihaan Verma,Male,49,Bilaspur,Chhattisgarh,Central
CUST0300,Ravi Sharma,Male,45,Coimbatore,Tamil Nadu,South
CUST0301,Pooja Nair,Male,43,Noida,Uttar Pradesh,North
CUST0302,Saanvi Nair,Other,36,Amritsar,Punjab,North
CUST0303,Sunita Mehta,Other,61,Bhopal,Madhya Pradesh,Central
CUST0304,Reyansh Iyer,Male,39,Raipur,Chhattisgarh,Central
CUST0305,Saanvi Menon,Other,43,Bhopal,Madhya Pradesh,Central
CUST0306,Aditya Singh,Male,48,Raipur,Chhattisgarh,Central
CUST0307,Nikhil Das,Female,38,Raipur,Chhattisgarh,Central
CUST0308,Pooja Menon,Male,55,Gaya,Bihar,East
CUST0309,Anjali Joshi,Female,19,Bhubaneswar,Odisha,East
CUST0310,Sanjay Pillai,Male,64,Kanpur,Uttar Pradesh,North
CUST0311,Pari Pillai,Other,32,Kanpur,Uttar Pradesh,North
CUST0312,Ananya Das,Other,42,Hyderabad,Telangana,South
CUST0313,Aditya Pillai,Male,30,Amritsar,Punjab,North
CUST0314,Sanjay Singh,Female,62,Coimbatore,Tamil Nadu,South
CUST0315,Vihaan Singh,Other,31,Bilaspur,Chhattisgarh,Central
CUST0316,Manoj Iyer,Male,29,Udaipur,Rajasthan,West
CUST0317,Ravi Nair,Male,57,Mumbai,Maharashtra,West
CUST0318,Anika Bose,Male,32,Bhubaneswar,Odisha,East
CUST0319,Aman Agarwal,Female,40,Bilaspur,Chhattisgarh,Central
CUST0320,Krishna Pillai,Other,42,Ahmedabad,Gujarat,West
CUST0321,Navya Verma,Male,63,Amritsar,Punjab,North
CUST0322,Pari Kapoor,Female,30,Bilaspur,Chhattisgarh,Central
CUST0323,Ishaan Kumar,Other,65,Bhopal,Madhya Pradesh,Central
CUST0324,Vihaan Das,Female,58,Bengaluru,Karnataka,South
CUST0325,Sanjay Agarwal,Female,24,Bengaluru,Karnataka,South
CUST0326,Sanjay Kapoor,Female,59,Coimbatore,Tamil Nadu,South
CUST0327,Navya Verma,Male,59,Bhopal,Madhya Pradesh,Central
CUST0328,Diya Chopra,Female,20,Ahmedabad,Gujarat,West
CUST0329,Navya Verma,Male,37,Indore,Madhya Pradesh,Central
CUST0330,Navya Malhotra,Other,51,Nagpur,Maharashtra,West
CUST0331,Kavya Mehta,Female,25,Siliguri,West Bengal,East
CUST0332,Pari Patel,Male,65,Bhubaneswar,Odisha,East
CUST0333,Diya Menon,Female,45,Raipur,Chhattisgarh,Central
CUST0334,Pooja Kumar,Female,26,Ahmedabad,Gujarat,West
CUST0335,Aarav Mehta,Female,33,Surat,Gujarat,West
CUST0336,Riya Pillai,Other,18,Gaya,Bihar,East
CUST0337,Myra Verma,Male,47,Siliguri,West Bengal,East
CUST0338,Deepak Joshi,Male,58,Bhubaneswar,Odisha,East
CUST0339,Kiara Singh,Female,27,Udaipur,Rajasthan,West
CUST0340,Sanjay Bose,Female,52,Bengaluru,Karnataka,South
CUST0341,Manoj Malhotra,Other,63,Kolkata,West Bengal,East
CUST0342,Vihaan Bose,Other,30,Bhopal,Madhya Pradesh,Central
CUST0343,Rahul Das,Female,25,Warangal,Telangana,South
CUST0344,Sai Das,Female,21,Nagpur,Maharashtra,West
CUST0345,Sanjay Malhotra,Other,21,Bilaspur,Chhattisgarh,Central
CUST0346,Vivaan Iyer,Male,18,Hyderabad,Telangana,South
CUST0347,Aditya Chopra,Male,62,Lucknow,Uttar Pradesh,North
CUST0348,Arjun Kapoor,Male,36,Mumbai,Maharashtra,West
CUST0349,Sanjay Nair,Female,46,Ahmedabad,Gujarat,West
CUST0350,Ravi Singh,Male,25,Warangal,Telangana,South
CUST0351,Manoj Singh,Female,18,Amritsar,Punjab,North
CUST0352,Ravi Chopra,Other,42,Mysuru,Karnataka,South
CUST0353,Suresh Singh,Male,30,Rohini,Delhi,North
CUST0354,Sanjay Menon,Male,33,Bengaluru,Karnataka,South
CUST0355,Nikhil Verma,Female,56,Rohini,Delhi,North
CUST0356,Aditya Iyer,Female,32,Bhopal,Madhya Pradesh,Central
CUST0357,Ishaan Das,Male,32,Bilaspur,Chhattisgarh,Central
CUST0358,Myra Joshi,Female,60,Indore,Madhya Pradesh,Central
CUST0359,Riya Mehta,Male,53,Indore,Madhya Pradesh,Central
CUST0360,Sunita Kapoor,Male,40,Udaipur,Rajasthan,West
CUST0361,Sanjay Chopra,Female,37,Nagpur,Maharashtra,West
CUST0362,Karan Rao,Female,37,Chennai,Tamil Nadu,South
CUST0363,Sunita Chopra,Female,53,Indore,Madhya Pradesh,Central
CUST0364,Myra Mehta,Female,39,Amritsar,Punjab,North
CUST0365,Sai Bose,Female,21,Bhubaneswar,Odisha,East
CUST0366,Arjun Reddy,Other,64,Indore,Madhya Pradesh,Central
CUST0367,Aadhya Agarwal,Male,18,Bengaluru,Karnataka,South
CUST0368,Karan Rao,Other,63,Chennai,Tamil Nadu,South
CUST0369,Sunita Agarwal,Male,42,Udaipur,Rajasthan,West
CUST0370,Riya Mehta,Male,50,Ahmedabad,Gujarat,West
CUST0371,Karan Agarwal,Female,41,Bhubaneswar,Odisha,East
CUST0372,Anjali Rao,Female,19,Gaya,Bihar,East
CUST0373,Navya Singh,Female,39,Chennai,Tamil Nadu,South
CUST0374,Aman Bose,Male,34,Udaipur,Rajasthan,West
CUST0375,Kavya Patel,Male,28,Warangal,Telangana,South
CUST0376,Diya Bose,Male,51,Rohini,Delhi,North
CUST0377,Vihaan Sharma,Female,26,Bengaluru,Karnataka,South
CUST0378,Aarav Reddy,Other,47,Siliguri,West Bengal,East
CUST0379,Aman Sharma,Male,52,Raipur,Chhattisgarh,Central
CUST0380,Vivaan Das,Male,52,Siliguri,West Bengal,East
CUST0381,Diya Kumar,Male,51,Bengaluru,Karnataka,South
CUST0382,Varun Das,Male,40,Bhubaneswar,Odisha,East
CUST0383,Priya Iyer,Female,54,Hyderabad,Telangana,South
CUST0384,Riya Gupta,Male,23,Surat,Gujarat,West
CUST0385,Sunita Kapoor,Male,58,Lucknow,Uttar Pradesh,North
CUST0386,Sai Kapoor,Female,59,Patna,Bihar,East
CUST0387,Manoj Verma,Female,31,Bilaspur,Chhattisgarh,Central
CUST0388,Aditya Gupta,Male,52,Bhopal,Madhya Pradesh,Central
CUST0389,Rahul Sharma,Female,55,Warangal,Telangana,South
CUST0390,Arjun Joshi,Female,54,Warangal,Telangana,South
CUST0391,Ravi Agarwal,Female,65,Hyderabad,Telangana,South
CUST0392,Deepak Nair,Male,24,Mumbai,Maharashtra,West
CUST0393,Amit Menon,Other,56,Ahmedabad,Gujarat,West
CUST0394,Anika Malhotra,Female,32,Gaya,Bihar,East
CUST0395,Vikram Patel,Other,60,Nagpur,Maharashtra,West
CUST0396,Navya Rao,Male,23,Siliguri,West Bengal,East
CUST0397,Rohan Iyer,Male,41,New Delhi,Delhi,North
CUST0398,Riya Malhotra,Male,35,New Delhi,Delhi,North
CUST0399,Diya Chopra,Female,53,Raipur,Chhattisgarh,Central
CUST0400,Vivaan Gupta,Male,53,Noida,Uttar Pradesh,North
CUST0401,Rahul Iyer,Male,36,Ahmedabad,Gujarat,West
CUST0402,Sunita Rao,Other,51,Warangal,Telangana,South
CUST0403,Ananya Singh,Male,37,Bhubaneswar,Odisha,East
CUST0404,Arjun Patel,Female,35,Surat,Gujarat,West
CUST0405,Arjun Nair,Male,33,Jaipur,Rajasthan,West
CUST0406,Kavya Kumar,Female,37,Amritsar,Punjab,North
CUST0407,Varun Iyer,Male,46,Bhubaneswar,Odisha,East
CUST0408,Riya Agarwal,Other,62,Coimbatore,Tamil Nadu,South
CUST0409,Diya Iyer,Male,36,Jaipur,Rajasthan,West
CUST0410,Rahul Iyer,Male,43,Kolkata,West Bengal,East
CUST0411,Divya Bose,Female,61,Indore,Madhya Pradesh,Central
CUST0412,Aadhya Malhotra,Male,62,Amritsar,Punjab,North
CUST0413,Ishaan Joshi,Female,34,Warangal,Telangana,South
CUST0414,Neha Gupta,Female,56,Udaipur,Rajasthan,West
CUST0415,Ravi Das,Female,52,Ludhiana,Punjab,North
CUST0416,Reyansh Rao,Male,28,Indore,Madhya Pradesh,Central
CUST0417,Amit Chopra,Male,18,Ludhiana,Punjab,North
CUST0418,Deepak Das,Other,55,Indore,Madhya Pradesh,Central
CUST0419,Priya Iyer,Female,61,Indore,Madhya Pradesh,Central
CUST0420,Vivaan Kapoor,Male,36,Mumbai,Maharashtra,West
CUST0421,Rohan Nair,Male,39,Nagpur,Maharashtra,West
CUST0422,Karan Nair,Female,24,Udaipur,Rajasthan,West
CUST0423,Rahul Gupta,Male,20,Dwarka,Delhi,North
CUST0424,Reyansh Patel,Female,51,Hyderabad,Telangana,South
CUST0425,Amit Bose,Female,47,Chennai,Tamil Nadu,South
CUST0426,Diya Chopra,Female,19,Indore,Madhya Pradesh,Central
CUST0427,Divya Chopra,Female,18,Mysuru,Karnataka,South
CUST0428,Arjun Pillai,Male,52,Coimbatore,Tamil Nadu,South
CUST0429,Saanvi Malhotra,Male,34,Udaipur,Rajasthan,West
CUST0430,Nikhil Iyer,Other,43,Indore,Madhya Pradesh,Central
CUST0431,Suresh Malhotra,Other,29,Patna,Bihar,East
CUST0432,Ishaan Agarwal,Male,33,Kolkata,West Bengal,East
CUST0433,Priya Singh,Other,42,Jaipur,Rajasthan,West
CUST0434,Anjali Iyer,Female,29,Jaipur,Rajasthan,West
CUST0435,Sunita Patel,Female,36,Mysuru,Karnataka,South
CUST0436,Meera Menon,Male,40,Ludhiana,Punjab,North
CUST0437,Saanvi Iyer,Other,50,Surat,Gujarat,West
CUST0438,Sanjay Malhotra,Female,28,Lucknow,Uttar Pradesh,North
CUST0439,Kiara Joshi,Male,35,Warangal,Telangana,South
CUST0440,Ananya Malhotra,Other,65,Jaipur,Rajasthan,West
CUST0441,Anjali Kumar,Male,52,Patna,Bihar,East
CUST0442,Meera Bose,Female,45,Noida,Uttar Pradesh,North
CUST0443,Myra Joshi,Male,46,Bhubaneswar,Odisha,East
CUST0444,Meera Kumar,Female,31,Bilaspur,Chhattisgarh,Central
CUST0445,Ananya Menon,Female,31,Mysuru,Karnataka,South
CUST0446,Ravi Mehta,Other,52,Coimbatore,Tamil Nadu,South
CUST0447,Navya Pillai,Male,50,Dwarka,Delhi,North
CUST0448,Vihaan Mehta,Female,62,Bengaluru,Karnataka,South
CUST0449,Rahul Rao,Female,49,Warangal,Telangana,South
CUST0450,Sanjay Iyer,Female,22,Amritsar,Punjab,North
CUST0451,Priya Malhotra,Female,38,Bhopal,Madhya Pradesh,Central
CUST0452,Kavya Nair,Male,52,Pune,Maharashtra,West
CUST0453,Aadhya Kapoor,Male,38,Bhubaneswar,Odisha,East
CUST0454,Anjali Kapoor,Male,61,New Delhi,Delhi,North
CUST0455,Kavya Sharma,Male,28,Ahmedabad,Gujarat,West
CUST0456,Vikram Reddy,Female,59,Siliguri,West Bengal,East
CUST0457,Sai Nair,Male,23,Patna,Bihar,East
CUST0458,Vihaan Iyer,Male,64,Chennai,Tamil Nadu,South
CUST0459,Reyansh Sharma,Female,48,Rohini,Delhi,North
CUST0460,Kiara Das,Female,18,Kanpur,Uttar Pradesh,North
CUST0461,Krishna Chopra,Female,48,Dwarka,Delhi,North
CUST0462,Sai Kumar,Male,38,Bhubaneswar,Odisha,East
CUST0463,Neha Singh,Female,22,Bhopal,Madhya Pradesh,Central
CUST0464,Meera Nair,Female,58,Coimbatore,Tamil Nadu,South
CUST0465,Aadhya Gupta,Male,26,Noida,Uttar Pradesh,North
CUST0466,Neha Nair,Female,38,Mysuru,Karnataka,South
CUST0467,Sai Rao,Other,56,Raipur,Chhattisgarh,Central
CUST0468,Riya Reddy,Other,56,Indore,Madhya Pradesh,Central
CUST0469,Navya Verma,Female,49,Mumbai,Maharashtra,West
CUST0470,Aman Menon,Male,51,Amritsar,Punjab,North
CUST0471,Ishaan Iyer,Other,44,Patna,Bihar,East
CUST0472,Karan Gupta,Male,55,Dwarka,Delhi,North
CUST0473,Aadhya Verma,Male,43,Bilaspur,Chhattisgarh,Central
CUST0474,Vikram Iyer,Male,58,Indore,Madhya Pradesh,Central
CUST0475,Sai Joshi,Male,50,Mysuru,Karnataka,South
CUST0476,Pooja Pillai,Male,37,Jaipur,Rajasthan,West
CUST0477,Vihaan Rao,Male,45,Ludhiana,Punjab,North
CUST0478,Riya Patel,Male,18,Hyderabad,Telangana,South
CUST0479,Ananya Kapoor,Male,51,Raipur,Chhattisgarh,Central
CUST0480,Priya Singh,Male,64,Dwarka,Delhi,North
CUST0481,Vikram Mehta,Other,22,Patna,Bihar,East
CUST0482,Aman Malhotra,Other,41,Ludhiana,Punjab,North
CUST0483,Priya Patel,Male,24,Bhopal,Madhya Pradesh,Central
CUST0484,Deepak Sharma,Male,18,Mysuru,Karnataka,South
CUST0485,Priya Iyer,Female,29,Noida,Uttar Pradesh,North
CUST0486,Sanjay Rao,Male,33,Udaipur,Rajasthan,West
CUST0487,Anika Gupta,Other,41,Noida,Uttar Pradesh,North
CUST0488,Vihaan Patel,Female,51,Ludhiana,Punjab,North
CUST0489,Kavya Joshi,Male,38,Kanpur,Uttar Pradesh,North
CUST0490,Aarav Nair,Female,36,Raipur,Chhattisgarh,Central
CUST0491,Kavya Nair,Other,49,Hyderabad,Telangana,South
CUST0492,Rohan Sharma,Female,19,Warangal,Telangana,South
CUST0493,Aarav Agarwal,Male,60,Udaipur,Rajasthan,West
CUST0494,Reyansh Reddy,Other,33,Ahmedabad,Gujarat,West
CUST0495,Rohan Mehta,Male,20,Warangal,Telangana,South
CUST0496,Priya Malhotra,Male,55,Lucknow,Uttar Pradesh,North
CUST0497,Pooja Gupta,Other,54,Ludhiana,Punjab,North
CUST0498,Myra Joshi,Male,38,Udaipur,Rajasthan,West
CUST0499,Rahul Malhotra,Male,32,New Delhi,Delhi,North
CUST0500,Divya Kumar,Female,24,Coimbatore,Tamil Nadu,South
CUST0501,Rahul Chopra,Male,52,Siliguri,West Bengal,East
CUST0502,Riya Malhotra,Male,25,Rohini,Delhi,North
CUST0503,Riya Menon,Male,31,Kolkata,West Bengal,East
CUST0504,Myra Nair,Female,50,Kanpur,Uttar Pradesh,North
CUST0505,Pari Patel,Male,43,Jaipur,Rajasthan,West
CUST0506,Reyansh Malhotra,Male,26,New Delhi,Delhi,North
CUST0507,Kiara Singh,Female,43,Patna,Bihar,East
CUST0508,Divya Pillai,Male,22,New Delhi,Delhi,North
CUST0509,Meera Singh,Male,39,Dwarka,Delhi,North
CUST0510,Vihaan Patel,Other,45,Ahmedabad,Gujarat,West
CUST0511,Neha Chopra,Female,40,Mysuru,Karnataka,South
CUST0512,Anika Malhotra,Female,20,Indore,Madhya Pradesh,Central
CUST0513,Aman Chopra,Other,48,Dwarka,Delhi,North
CUST0514,Neha Singh,Female,30,Bhopal,Madhya Pradesh,Central
CUST0515,Neha Nair,Female,52,Surat,Gujarat,West
CUST0516,Neha Mehta,Female,19,Patna,Bihar,East
CUST0517,Vivaan Mehta,Male,48,Raipur,Chhattisgarh,Central
CUST0518,Ananya Kumar,Female,60,Chennai,Tamil Nadu,South
CUST0519,Kiara Pillai,Female,40,Bengaluru,Karnataka,South
CUST0520,Divya Agarwal,Male,55,Noida,Uttar Pradesh,North
CUST0521,Suresh Pillai,Other,27,Indore,Madhya Pradesh,Central
CUST0522,Ravi Joshi,Female,49,New Delhi,Delhi,North
CUST0523,Kiara Menon,Female,19,Raipur,Chhattisgarh,Central
CUST0524,Amit Menon,Female,26,Patna,Bihar,East
CUST0525,Rahul Verma,Male,27,Bhopal,Madhya Pradesh,Central
CUST0526,Manoj Nair,Male,41,Jaipur,Rajasthan,West
CUST0527,Amit Joshi,Male,26,Warangal,Telangana,South
CUST0528,Aman Agarwal,Female,63,Raipur,Chhattisgarh,Central
CUST0529,Divya Patel,Female,37,Kolkata,West Bengal,East
CUST0530,Aarav Pillai,Female,54,Rohini,Delhi,North
CUST0531,Rahul Menon,Female,58,Indore,Madhya Pradesh,Central
CUST0532,Rohan Agarwal,Male,33,Bhubaneswar,Odisha,East
CUST0533,Sai Agarwal,Female,18,Kolkata,West Bengal,East
CUST0534,Arjun Nair,Male,24,Dwarka,Delhi,North
CUST0535,Meera Chopra,Female,44,Surat,Gujarat,West
CUST0536,Ravi Iyer,Male,48,Bhopal,Madhya Pradesh,Central
CUST0537,Meera Gupta,Male,36,Amritsar,Punjab,North
CUST0538,Reyansh Gupta,Male,28,Nagpur,Maharashtra,West
CUST0539,Arjun Bose,Male,39,Raipur,Chhattisgarh,Central
CUST0540,Vikram Patel,Other,45,Bengaluru,Karnataka,South
CUST0541,Amit Reddy,Female,44,Bilaspur,Chhattisgarh,Central
CUST0542,Riya Rao,Male,21,Udaipur,Rajasthan,West
CUST0543,Rohan Verma,Male,18,Pune,Maharashtra,West
CUST0544,Nikhil Kapoor,Female,24,New Delhi,Delhi,North
CUST0545,Navya Gupta,Female,25,Cuttack,Odisha,East
CUST0546,Aman Mehta,Male,59,Raipur,Chhattisgarh,Central
CUST0547,Priya Iyer,Male,29,Pune,Maharashtra,West
CUST0548,Meera Malhotra,Male,32,Patna,Bihar,East
CUST0549,Rohan Kumar,Male,60,Gaya,Bihar,East
CUST0550,Divya Rao,Other,21,Udaipur,Rajasthan,West
CUST0551,Ravi Kapoor,Other,33,Ahmedabad,Gujarat,West
CUST0552,Pooja Verma,Other,54,Bhopal,Madhya Pradesh,Central
CUST0553,Meera Patel,Female,31,Bengaluru,Karnataka,South
CUST0554,Vikram Gupta,Female,30,Warangal,Telangana,South
CUST0555,Rahul Gupta,Male,42,Bilaspur,Chhattisgarh,Central
CUST0556,Anika Das,Female,18,Raipur,Chhattisgarh,Central
CUST0557,Sanjay Singh,Female,54,Bhopal,Madhya Pradesh,Central
CUST0558,Anjali Kumar,Male,52,Cuttack,Odisha,East
CUST0559,Neha Kapoor,Other,56,Mumbai,Maharashtra,West
CUST0560,Anika Iyer,Female,57,Raipur,Chhattisgarh,Central
CUST0561,Pooja Agarwal,Female,21,Surat,Gujarat,West
CUST0562,Vivaan Agarwal,Male,37,Bhubaneswar,Odisha,East
CUST0563,Kiara Singh,Male,65,Surat,Gujarat,West
CUST0564,Sanjay Menon,Male,30,Pune,Maharashtra,West
CUST0565,Aman Das,Male,21,Bhopal,Madhya Pradesh,Central
CUST0566,Riya Das,Female,26,Bhopal,Madhya Pradesh,Central
CUST0567,Saanvi Reddy,Male,33,Ludhiana,Punjab,North
CUST0568,Priya Reddy,Male,41,Udaipur,Rajasthan,West
CUST0569,Krishna Sharma,Female,41,Udaipur,Rajasthan,West
CUST0570,Diya Kapoor,Other,53,Bhubaneswar,Odisha,East
CUST0571,Pari Gupta,Male,19,Mumbai,Maharashtra,West
CUST0572,Anjali Reddy,Female,59,Hyderabad,Telangana,South
CUST0573,Anika Chopra,Other,19,Ludhiana,Punjab,North
CUST0574,Diya Menon,Male,32,Gaya,Bihar,East
CUST0575,Anika Chopra,Female,40,Ahmedabad,Gujarat,West
CUST0576,Kavya Joshi,Other,57,Jaipur,Rajasthan,West
CUST0577,Aarav Das,Male,53,Bilaspur,Chhattisgarh,Central
CUST0578,Reyansh Kapoor,Male,39,Gaya,Bihar,East
CUST0579,Anika Mehta,Male,30,Hyderabad,Telangana,South
CUST0580,Vihaan Menon,Female,60,Patna,Bihar,East
CUST0581,Vivaan Kapoor,Male,34,Surat,Gujarat,West
CUST0582,Aditya Pillai,Other,30,Patna,Bihar,East
CUST0583,Ravi Kapoor,Male,50,Kolkata,West Bengal,East
CUST0584,Navya Kumar,Female,26,Patna,Bihar,East
CUST0585,Amit Gupta,Female,40,Warangal,Telangana,South
CUST0586,Sanjay Agarwal,Male,34,Bilaspur,Chhattisgarh,Central
CUST0587,Krishna Kapoor,Male,58,Indore,Madhya Pradesh,Central
CUST0588,Saanvi Das,Male,61,Udaipur,Rajasthan,West
CUST0589,Sanjay Verma,Female,26,Coimbatore,Tamil Nadu,South
CUST0590,Anjali Malhotra,Female,38,Mysuru,Karnataka,South
CUST0591,Amit Patel,Male,58,Dwarka,Delhi,North
CUST0592,Anika Reddy,Female,54,Chennai,Tamil Nadu,South
CUST0593,Ishaan Menon,Female,58,Surat,Gujarat,West
CUST0594,Karan Iyer,Male,20,Indore,Madhya Pradesh,Central
CUST0595,Aarav Agarwal,Other,30,Lucknow,Uttar Pradesh,North
CUST0596,Myra Rao,Male,37,Mysuru,Karnataka,South
CUST0597,Deepak Pillai,Male,28,Dwarka,Delhi,North
CUST0598,Navya Malhotra,Other,56,Bilaspur,Chhattisgarh,Central
CUST0599,Ishaan Agarwal,Female,40,Mysuru,Karnataka,South
CUST0600,Vivaan Rao,Female,64,Bengaluru,Karnataka,South
CUST0601,Divya Das,Female,25,Patna,Bihar,East
CUST0602,Neha Mehta,Other,57,Lucknow,Uttar Pradesh,North
CUST0603,Reyansh Sharma,Male,62,Amritsar,Punjab,North
CUST0604,Neha Kumar,Other,34,Jaipur,Rajasthan,West
CUST0605,Aadhya Sharma,Male,44,Noida,Uttar Pradesh,North
CUST0606,Anika Menon,Other,62,Chennai,Tamil Nadu,South
CUST0607,Deepak Menon,Male,36,Dwarka,Delhi,North
CUST0608,Saanvi Menon,Female,34,Indore,Madhya Pradesh,Central
CUST0609,Sanjay Joshi,Female,20,Raipur,Chhattisgarh,Central
CUST0610,Karan Agarwal,Female,18,Lucknow,Uttar Pradesh,North
CUST0611,Krishna Pillai,Female,27,Lucknow,Uttar Pradesh,North
CUST0612,Reyansh Mehta,Female,47,Cuttack,Odisha,East
CUST0613,Vihaan Kumar,Female,20,Cuttack,Odisha,East
CUST0614,Vikram Kumar,Male,20,Rohini,Delhi,North
CUST0615,Ananya Agarwal,Male,46,Raipur,Chhattisgarh,Central
CUST0616,Priya Agarwal,Female,25,Surat,Gujarat,West
CUST0617,Anika Iyer,Female,44,Bengaluru,Karnataka,South
CUST0618,Vihaan Patel,Male,44,Bilaspur,Chhattisgarh,Central
CUST0619,Diya Menon,Female,40,Bhopal,Madhya Pradesh,Central
CUST0620,Karan Kapoor,Male,44,Mumbai,Maharashtra,West
CUST0621,Pari Agarwal,Male,63,Indore,Madhya Pradesh,Central
CUST0622,Manoj Das,Other,24,Jaipur,Rajasthan,West
CUST0623,Karan Nair,Female,27,Bhopal,Madhya Pradesh,Central
CUST0624,Ananya Das,Female,49,Mysuru,Karnataka,South
CUST0625,Rahul Rao,Male,35,Lucknow,Uttar Pradesh,North
CUST0626,Sunita Iyer,Female,33,Amritsar,Punjab,North
CUST0627,Anjali Malhotra,Male,49,Ahmedabad,Gujarat,West
CUST0628,Aman Sharma,Male,43,Nagpur,Maharashtra,West
CUST0629,Sunita Sharma,Male,56,Raipur,Chhattisgarh,Central
CUST0630,Kavya Agarwal,Male,21,Coimbatore,Tamil Nadu,South
CUST0631,Sunita Menon,Other,48,Gaya,Bihar,East
CUST0632,Krishna Kumar,Female,18,Cuttack,Odisha,East
CUST0633,Sunita Das,Male,62,New Delhi,Delhi,North
CUST0634,Aman Singh,Female,24,Patna,Bihar,East
CUST0635,Saanvi Kumar,Female,31,Nagpur,Maharashtra,West
CUST0636,Amit Kumar,Female,20,Indore,Madhya Pradesh,Central
CUST0637,Kavya Pillai,Other,26,Nagpur,Maharashtra,West
CUST0638,Vihaan Bose,Female,55,Jaipur,Rajasthan,West
CUST0639,Divya Patel,Female,24,Udaipur,Rajasthan,West
CUST0640,Deepak Iyer,Female,56,Coimbatore,Tamil Nadu,South
CUST0641,Amit Joshi,Female,26,Coimbatore,Tamil Nadu,South
CUST0642,Sunita Agarwal,Other,58,Bengaluru,Karnataka,South
CUST0643,Varun Joshi,Male,61,Hyderabad,Telangana,South
CUST0644,Deepak Bose,Male,63,Amritsar,Punjab,North
CUST0645,Divya Pillai,Female,61,Bilaspur,Chhattisgarh,Central
CUST0646,Aarav Das,Male,19,Mumbai,Maharashtra,West
CUST0647,Vihaan Reddy,Male,28,Gaya,Bihar,East
CUST0648,Rohan Verma,Male,31,Indore,Madhya Pradesh,Central
CUST0649,Meera Kumar,Other,61,Indore,Madhya Pradesh,Central
CUST0650,Myra Das,Male,62,Amritsar,Punjab,North
CUST0651,Sanjay Agarwal,Other,21,Kanpur,Uttar Pradesh,North
CUST0652,Saanvi Menon,Female,32,Patna,Bihar,East
CUST0653,Saanvi Joshi,Female,29,New Delhi,Delhi,North
CUST0654,Deepak Kumar,Female,20,Surat,Gujarat,West
CUST0655,Ishaan Patel,Other,34,Amritsar,Punjab,North
CUST0656,Rohan Verma,Female,38,Indore,Madhya Pradesh,Central
CUST0657,Aman Pillai,Other,40,Kanpur,Uttar Pradesh,North
CUST0658,Manoj Rao,Female,51,Lucknow,Uttar Pradesh,North
CUST0659,Sanjay Bose,Other,43,Ludhiana,Punjab,North
CUST0660,Aadhya Agarwal,Male,41,Siliguri,West Bengal,East
CUST0661,Sunita Sharma,Male,60,Bhubaneswar,Odisha,East
CUST0662,Varun Menon,Female,20,Bhubaneswar,Odisha,East
CUST0663,Neha Mehta,Other,64,Siliguri,West Bengal,East
CUST0664,Deepak Das,Female,49,Ludhiana,Punjab,North
CUST0665,Rahul Das,Male,24,Hyderabad,Telangana,South
CUST0666,Arjun Reddy,Female,61,Mumbai,Maharashtra,West
CUST0667,Ravi Chopra,Male,65,Mysuru,Karnataka,South
CUST0668,Amit Verma,Male,22,Dwarka,Delhi,North
CUST0669,Sunita Gupta,Other,32,Cuttack,Odisha,East
CUST0670,Meera Iyer,Female,38,Ludhiana,Punjab,North
CUST0671,Ravi Sharma,Other,22,Bhopal,Madhya Pradesh,Central
CUST0672,Suresh Das,Male,36,Patna,Bihar,East
CUST0673,Navya Malhotra,Female,43,Ludhiana,Punjab,North
CUST0674,Ravi Rao,Female,65,Udaipur,Rajasthan,West
CUST0675,Rohan Joshi,Male,18,Bhopal,Madhya Pradesh,Central
CUST0676,Aditya Sharma,Other,56,Jaipur,Rajasthan,West
CUST0677,Riya Reddy,Male,31,Jaipur,Rajasthan,West
CUST0678,Ananya Patel,Female,57,Kolkata,West Bengal,East
CUST0679,Diya Pillai,Male,53,Jaipur,Rajasthan,West
CUST0680,Navya Gupta,Male,24,Warangal,Telangana,South
CUST0681,Amit Nair,Female,60,Mysuru,Karnataka,South
CUST0682,Varun Gupta,Female,38,Surat,Gujarat,West
CUST0683,Varun Joshi,Other,27,Bilaspur,Chhattisgarh,Central
CUST0684,Vikram Patel,Male,38,Mysuru,Karnataka,South
CUST0685,Anika Nair,Female,61,Cuttack,Odisha,East
CUST0686,Meera Nair,Male,49,Bhopal,Madhya Pradesh,Central
CUST0687,Nikhil Gupta,Male,26,Indore,Madhya Pradesh,Central
CUST0688,Arjun Gupta,Male,50,Noida,Uttar Pradesh,North
CUST0689,Pooja Pillai,Female,20,Bilaspur,Chhattisgarh,Central
CUST0690,Rohan Nair,Female,32,Raipur,Chhattisgarh,Central
CUST0691,Kavya Das,Other,23,Ahmedabad,Gujarat,West
CUST0692,Myra Menon,Female,50,Chennai,Tamil Nadu,South
CUST0693,Diya Pillai,Other,60,Warangal,Telangana,South
CUST0694,Suresh Verma,Female,49,Mysuru,Karnataka,South
CUST0695,Priya Rao,Male,60,Warangal,Telangana,South
CUST0696,Neha Kapoor,Female,20,Kanpur,Uttar Pradesh,North
CUST0697,Reyansh Das,Male,65,Patna,Bihar,East
CUST0698,Neha Iyer,Male,55,Kanpur,Uttar Pradesh,North
CUST0699,Neha Rao,Other,43,Cuttack,Odisha,East
CUST0700,Karan Menon,Male,50,Chennai,Tamil Nadu,South
CUST0701,Kiara Gupta,Other,59,Kolkata,West Bengal,East
CUST0702,Diya Patel,Male,56,Lucknow,Uttar Pradesh,North
CUST0703,Sanjay Agarwal,Male,48,Ahmedabad,Gujarat,West
CUST0704,Divya Patel,Female,19,Bengaluru,Karnataka,South
CUST0705,Anjali Pillai,Female,26,Bhopal,Madhya Pradesh,Central
CUST0706,Vihaan Patel,Male,29,Raipur,Chhattisgarh,Central
CUST0707,Navya Gupta,Female,46,Bilaspur,Chhattisgarh,Central
CUST0708,Ananya Rao,Female,56,Hyderabad,Telangana,South
CUST0709,Varun Das,Male,28,Bhubaneswar,Odisha,East
CUST0710,Kiara Iyer,Female,26,New Delhi,Delhi,North
CUST0711,Manoj Das,Female,27,Bhopal,Madhya Pradesh,Central
CUST0712,Karan Menon,Other,20,Bhopal,Madhya Pradesh,Central
CUST0713,Karan Singh,Other,52,Noida,Uttar Pradesh,North
CUST0714,Vikram Das,Female,41,Noida,Uttar Pradesh,North
CUST0715,Vikram Rao,Female,42,Patna,Bihar,East
CUST0716,Vikram Singh,Male,48,Mysuru,Karnataka,South
CUST0717,Nikhil Bose,Female,34,Bengaluru,Karnataka,South
CUST0718,Anjali Das,Male,51,Ludhiana,Punjab,North
CUST0719,Rahul Chopra,Male,24,Coimbatore,Tamil Nadu,South
CUST0720,Pari Bose,Female,54,Gaya,Bihar,East
CUST0721,Pooja Reddy,Female,53,Raipur,Chhattisgarh,Central
CUST0722,Priya Bose,Other,48,Cuttack,Odisha,East
CUST0723,Pooja Singh,Male,65,Chennai,Tamil Nadu,South
CUST0724,Reyansh Reddy,Other,43,Patna,Bihar,East
CUST0725,Ananya Iyer,Male,23,Coimbatore,Tamil Nadu,South
CUST0726,Sai Gupta,Male,32,Kolkata,West Bengal,East
CUST0727,Neha Iyer,Other,59,Raipur,Chhattisgarh,Central
CUST0728,Diya Kapoor,Female,18,Warangal,Telangana,South
CUST0729,Saanvi Verma,Other,50,Bhopal,Madhya Pradesh,Central
CUST0730,Aditya Nair,Female,59,New Delhi,Delhi,North
CUST0731,Anika Iyer,Male,60,Ahmedabad,Gujarat,West
CUST0732,Manoj Sharma,Male,23,Bilaspur,Chhattisgarh,Central
CUST0733,Suresh Mehta,Female,56,Coimbatore,Tamil Nadu,South
CUST0734,Anjali Sharma,Male,29,Jaipur,Rajasthan,West
CUST0735,Sunita Gupta,Other,36,Siliguri,West Bengal,East
CUST0736,Ravi Pillai,Male,62,Surat,Gujarat,West
CUST0737,Myra Agarwal,Female,61,Jaipur,Rajasthan,West
CUST0738,Karan Kumar,Male,22,Jaipur,Rajasthan,West
CUST0739,Kiara Agarwal,Female,40,Indore,Madhya Pradesh,Central
CUST0740,Myra Joshi,Male,43,Kolkata,West Bengal,East
CUST0741,Karan Agarwal,Male,31,Raipur,Chhattisgarh,Central
CUST0742,Saanvi Kapoor,Female,33,Chennai,Tamil Nadu,South
CUST0743,Kiara Reddy,Female,57,Kolkata,West Bengal,East
CUST0744,Krishna Gupta,Female,57,Lucknow,Uttar Pradesh,North
CUST0745,Karan Nair,Other,38,Udaipur,Rajasthan,West
CUST0746,Aman Patel,Other,35,Nagpur,Maharashtra,West
CUST0747,Ishaan Verma,Other,45,Jaipur,Rajasthan,West
CUST0748,Deepak Nair,Female,61,Chennai,Tamil Nadu,South
CUST0749,Manoj Malhotra,Male,62,Rohini,Delhi,North
CUST0750,Aadhya Iyer,Other,24,Cuttack,Odisha,East
CUST0751,Diya Bose,Male,33,Cuttack,Odisha,East
CUST0752,Priya Patel,Female,45,Coimbatore,Tamil Nadu,South
CUST0753,Priya Iyer,Male,46,Hyderabad,Telangana,South
CUST0754,Anjali Rao,Male,64,Siliguri,West Bengal,East
CUST0755,Neha Reddy,Female,65,Chennai,Tamil Nadu,South
CUST0756,Diya Chopra,Female,26,Bilaspur,Chhattisgarh,Central
CUST0757,Riya Mehta,Other,54,Ludhiana,Punjab,North
CUST0758,Ananya Verma,Female,34,Jaipur,Rajasthan,West
CUST0759,Meera Agarwal,Male,41,Gaya,Bihar,East
CUST0760,Suresh Sharma,Female,25,Patna,Bihar,East
CUST0761,Anjali Pillai,Other,29,Cuttack,Odisha,East
CUST0762,Deepak Kapoor,Female,23,Udaipur,Rajasthan,West
CUST0763,Kavya Singh,Female,58,Cuttack,Odisha,East
CUST0764,Arjun Gupta,Female,39,Coimbatore,Tamil Nadu,South
CUST0765,Navya Mehta,Other,59,Surat,Gujarat,West
CUST0766,Priya Pillai,Other,46,Mumbai,Maharashtra,West
CUST0767,Vivaan Singh,Female,60,Patna,Bihar,East
CUST0768,Aadhya Patel,Female,24,Dwarka,Delhi,North
CUST0769,Sunita Verma,Male,43,Bhopal,Madhya Pradesh,Central
CUST0770,Pari Menon,Female,23,Ahmedabad,Gujarat,West
CUST0771,Myra Joshi,Female,58,Bengaluru,Karnataka,South
CUST0772,Vivaan Verma,Male,38,Surat,Gujarat,West
CUST0773,Sunita Malhotra,Female,62,Indore,Madhya Pradesh,Central
CUST0774,Anjali Chopra,Other,58,Bilaspur,Chhattisgarh,Central
CUST0775,Karan Bose,Female,23,Surat,Gujarat,West
CUST0776,Sanjay Mehta,Female,37,Rohini,Delhi,North
CUST0777,Ishaan Nair,Male,48,Indore,Madhya Pradesh,Central
CUST0778,Karan Joshi,Male,45,Patna,Bihar,East
CUST0779,Aarav Bose,Male,30,Udaipur,Rajasthan,West
CUST0780,Pooja Rao,Female,63,Ahmedabad,Gujarat,West
CUST0781,Pari Gupta,Female,58,Warangal,Telangana,South
CUST0782,Navya Bose,Male,44,Bengaluru,Karnataka,South
CUST0783,Ishaan Joshi,Male,58,Udaipur,Rajasthan,West
CUST0784,Anika Menon,Female,30,Kolkata,West Bengal,East
CUST0785,Vihaan Bose,Male,29,Amritsar,Punjab,North
CUST0786,Ishaan Malhotra,Male,32,New Delhi,Delhi,North
CUST0787,Aman Reddy,Male,44,Cuttack,Odisha,East
CUST0788,Kavya Verma,Male,23,Mysuru,Karnataka,South
CUST0789,Pooja Gupta,Other,48,Mysuru,Karnataka,South
CUST0790,Neha Sharma,Male,63,Coimbatore,Tamil Nadu,South
CUST0791,Myra Verma,Female,47,Noida,Uttar Pradesh,North
CUST0792,Aadhya Kapoor,Female,61,Bhubaneswar,Odisha,East
CUST0793,Aditya Bose,Other,25,Cuttack,Odisha,East
CUST0794,Saanvi Nair,Male,60,Bengaluru,Karnataka,South
CUST0795,Vikram Agarwal,Male,28,Patna,Bihar,East
CUST0796,Pooja Rao,Male,20,Raipur,Chhattisgarh,Central
CUST0797,Priya Gupta,Female,28,Nagpur,Maharashtra,West
CUST0798,Varun Agarwal,Male,21,Patna,Bihar,East
CUST0799,Ravi Kumar,Female,49,Coimbatore,Tamil Nadu,South
CUST0800,Meera Reddy,Male,62,Ahmedabad,Gujarat,West
CUST0801,Pari Verma,Female,63,Udaipur,Rajasthan,West
CUST0802,Ravi Kapoor,Female,54,Warangal,Telangana,South
CUST0803,Rahul Malhotra,Male,56,Bhopal,Madhya Pradesh,Central
CUST0804,Manoj Singh,Female,36,Gaya,Bihar,East
CUST0805,Kavya Sharma,Other,42,Mysuru,Karnataka,South
CUST0806,Varun Rao,Male,64,Noida,Uttar Pradesh,North
CUST0807,Neha Reddy,Other,61,Jaipur,Rajasthan,West
CUST0808,Varun Joshi,Male,44,Kolkata,West Bengal,East
CUST0809,Manoj Gupta,Male,26,Bengaluru,Karnataka,South
CUST0810,Reyansh Kapoor,Female,24,Noida,Uttar Pradesh,North
CUST0811,Neha Kapoor,Other,57,Raipur,Chhattisgarh,Central
CUST0812,Priya Rao,Other,63,New Delhi,Delhi,North
CUST0813,Aman Gupta,Female,58,Amritsar,Punjab,North
CUST0814,Priya Verma,Other,35,Bhopal,Madhya Pradesh,Central
CUST0815,Riya Gupta,Female,51,Rohini,Delhi,North
CUST0816,Kiara Bose,Female,30,Hyderabad,Telangana,South
CUST0817,Anjali Patel,Other,65,Raipur,Chhattisgarh,Central
CUST0818,Anjali Nair,Female,62,Mumbai,Maharashtra,West
CUST0819,Diya Bose,Female,50,Patna,Bihar,East
CUST0820,Ravi Menon,Female,40,Gaya,Bihar,East
CUST0821,Priya Chopra,Female,64,Patna,Bihar,East
CUST0822,Anjali Bose,Female,42,Bilaspur,Chhattisgarh,Central
CUST0823,Meera Malhotra,Female,18,Ludhiana,Punjab,North
CUST0824,Manoj Singh,Male,18,Kolkata,West Bengal,East
CUST0825,Rahul Sharma,Male,53,Bhopal,Madhya Pradesh,Central
CUST0826,Aditya Malhotra,Male,27,Coimbatore,Tamil Nadu,South
CUST0827,Divya Rao,Female,34,Siliguri,West Bengal,East
CUST0828,Anjali Reddy,Male,64,Bhubaneswar,Odisha,East
CUST0829,Aman Pillai,Male,56,Siliguri,West Bengal,East
CUST0830,Sai Verma,Male,40,Ahmedabad,Gujarat,West
CUST0831,Kiara Menon,Male,58,Pune,Maharashtra,West
CUST0832,Manoj Verma,Male,52,Indore,Madhya Pradesh,Central
CUST0833,Deepak Rao,Female,21,Ahmedabad,Gujarat,West
CUST0834,Kiara Chopra,Male,43,Mysuru,Karnataka,South
CUST0835,Sai Kapoor,Other,65,Kanpur,Uttar Pradesh,North
CUST0836,Pari Gupta,Female,50,Jaipur,Rajasthan,West
CUST0837,Ishaan Kapoor,Other,30,Ahmedabad,Gujarat,West
CUST0838,Sunita Menon,Other,33,Mysuru,Karnataka,South
CUST0839,Vikram Agarwal,Other,23,Kanpur,Uttar Pradesh,North
CUST0840,Vikram Nair,Male,30,Bhubaneswar,Odisha,East
CUST0841,Riya Patel,Male,57,Jaipur,Rajasthan,West
CUST0842,Meera Verma,Female,30,Kolkata,West Bengal,East
CUST0843,Krishna Verma,Female,57,Chennai,Tamil Nadu,South
CUST0844,Amit Kumar,Male,46,Pune,Maharashtra,West
CUST0845,Aadhya Bose,Female,31,Bilaspur,Chhattisgarh,Central
CUST0846,Varun Singh,Male,42,Indore,Madhya Pradesh,Central
CUST0847,Ananya Verma,Male,30,Raipur,Chhattisgarh,Central
CUST0848,Kavya Sharma,Male,42,Gaya,Bihar,East
CUST0849,Reyansh Sharma,Male,59,Pune,Maharashtra,West
CUST0850,Deepak Kumar,Male,49,Bhopal,Madhya Pradesh,Central
